{"cameraMode":{"drawMode":0,"name":"Shaded","section":"Shading Mode"},"sceneLighting":true,"audioPlay":false,"sceneViewState":{"m_AlwaysRefresh":false,"showFog":true,"showSkybox":true,"showFlares":true,"showImageEffects":true,"showParticleSystems":true,"showVisualEffectGraphs":true,"m_FxEnabled":true},"in2DMode":false,"pivot":{"x":0.0007067406550049782,"y":1.5254775285720826,"z":1.006543755531311},"rotation":{"x":-0.00031012448016554117,"y":0.0020985277369618417,"z":2.7454160544948538e-7,"w":-1.0000079870224},"size":0.4442248046398163,"orthographic":false}