{"cameraMode":{"drawMode":0,"name":"Shaded","section":"Shading Mode"},"sceneLighting":true,"audioPlay":false,"sceneViewState":{"m_AlwaysRefresh":false,"showFog":true,"showSkybox":true,"showFlares":true,"showImageEffects":true,"showParticleSystems":true,"showVisualEffectGraphs":true,"m_FxEnabled":true},"in2DMode":false,"pivot":{"x":-0.019760416820645334,"y":1.663551926612854,"z":0.2926867604255676},"rotation":{"x":-0.02730303630232811,"y":0.017091605812311174,"z":-0.0004662728460971266,"w":-0.9994912147521973},"size":0.10168018192052841,"orthographic":false}