{"cameraMode":{"drawMode":0,"name":"Shaded","section":"Shading Mode"},"sceneLighting":true,"audioPlay":false,"sceneViewState":{"m_AlwaysRefresh":false,"showFog":true,"showSkybox":true,"showFlares":true,"showImageEffects":true,"showParticleSystems":true,"showVisualEffectGraphs":true,"m_FxEnabled":true},"in2DMode":false,"pivot":{"x":-0.003096841275691986,"y":1.6625373363494874,"z":0.20687860250473023},"rotation":{"x":0.01917559839785099,"y":0.03658335283398628,"z":0.000703182362485677,"w":-0.9991527199745178},"size":0.05691693350672722,"orthographic":false}