{"cameraMode":{"drawMode":0,"name":"Shaded","section":"Shading Mode"},"sceneLighting":false,"audioPlay":false,"sceneViewState":{"m_AlwaysRefresh":false,"showFog":true,"showSkybox":false,"showFlares":true,"showImageEffects":true,"showParticleSystems":true,"showVisualEffectGraphs":true,"m_FxEnabled":true},"in2DMode":false,"pivot":{"x":-28.022663116455079,"y":245.88172912597657,"z":395.17559814453127},"rotation":{"x":-0.007952995598316193,"y":-0.9714280962944031,"z":0.2349574714899063,"w":-0.03294210880994797},"size":1.6167610883712769,"orthographic":false}