{"cameraMode":{"drawMode":0,"name":"Shaded","section":"Shading Mode"},"sceneLighting":true,"audioPlay":false,"sceneViewState":{"m_AlwaysRefresh":false,"showFog":true,"showSkybox":false,"showFlares":true,"showImageEffects":true,"showParticleSystems":true,"showVisualEffectGraphs":true,"m_FxEnabled":true},"in2DMode":false,"pivot":{"x":-0.06596428155899048,"y":0.5047650933265686,"z":0.11363840103149414},"rotation":{"x":-0.09317626804113388,"y":-0.0008982016588561237,"z":0.00007557072240160778,"w":-0.9956632256507874},"size":1.107546091079712,"orthographic":false}