{"cameraMode":{"drawMode":0,"name":"Shaded","section":"Shading Mode"},"sceneLighting":false,"audioPlay":false,"sceneViewState":{"m_AlwaysRefresh":false,"showFog":true,"showSkybox":false,"showFlares":true,"showImageEffects":true,"showParticleSystems":true,"showVisualEffectGraphs":true,"m_FxEnabled":true},"in2DMode":false,"pivot":{"x":-0.01580001413822174,"y":0.04800000041723251,"z":0.004606734961271286},"rotation":{"x":-0.38585326075553896,"y":0.0268383976072073,"z":-0.011230271309614182,"w":-0.922100305557251},"size":0.0286716241389513,"orthographic":false}