{"cameraMode":{"drawMode":0,"name":"Shaded","section":"Shading Mode"},"sceneLighting":false,"audioPlay":false,"sceneViewState":{"m_AlwaysRefresh":false,"showFog":true,"showSkybox":false,"showFlares":true,"showImageEffects":true,"showParticleSystems":true,"showVisualEffectGraphs":true,"m_FxEnabled":true},"in2DMode":false,"pivot":{"x":0.02671349048614502,"y":0.6018489599227905,"z":0.7699182033538818},"rotation":{"x":-0.04379149153828621,"y":-0.01588597148656845,"z":0.0006877657142467797,"w":-0.9989274740219116},"size":1.8039729595184327,"orthographic":false}